{
  "IcoMoonType": "selection",
  "icons": [
    {
      "icon": {
        "paths": [
          "M316.877 696.883c99.584 97.997 251.29 236.954 393.114 237.875 133.274 0.922 221.85-103.219 221.85-103.219l-188.979-188.928-152.064 55.706-273.92-273.869 57.549-150.272-181.914-182.016c0 0-103.834 88.934-105.472 219.75-1.69 139.11 135.526 289.075 229.837 384.973"
        ],
        "attrs": [
          {
            "fill": "none",
            "strokeLinejoin": "miter",
            "strokeLinecap": "butt",
            "strokeMiterlimit": "4",
            "strokeWidth": 51.712
          }
        ],
        "isMulticolor": false,
        "isMulticolor2": false,
        "grid": 0,
        "tags": [
          "receiver"
        ]
      },
      "attrs": [
        {
          "fill": "none",
          "strokeLinejoin": "miter",
          "strokeLinecap": "butt",
          "strokeMiterlimit": "4",
          "strokeWidth": 51.712
        }
      ],
      "properties": {
        "order": 2,
        "id": 19,
        "name": "receiver",
        "prevSize": 32
      },
      "setIdx": 0,
      "setId": 0,
      "iconIdx": 0
    },
    {
      "icon": {
        "paths": [
          "M537.6 823.296l-249.344-277.504 37.888-33.792 211.456 234.496 211.456-234.496 37.888 33.792z",
          "M537.6 204.8v563.2"
        ],
        "attrs": [
          {},
          {
            "fill": "none",
            "stroke": "rgb(0, 0, 0)",
            "strokeLinejoin": "miter",
            "strokeLinecap": "butt",
            "strokeMiterlimit": "4",
            "strokeWidth": 51.2
          }
        ],
        "isMulticolor": false,
        "isMulticolor2": true,
        "grid": 0,
        "tags": [
          "arrow-down"
        ]
      },
      "attrs": [
        {},
        {
          "fill": "none",
          "stroke": "rgb(0, 0, 0)",
          "strokeLinejoin": "miter",
          "strokeLinecap": "butt",
          "strokeMiterlimit": "4",
          "strokeWidth": 51.2
        }
      ],
      "properties": {
        "order": 3,
        "id": 18,
        "name": "arrow-down",
        "prevSize": 32
      },
      "setIdx": 0,
      "setId": 0,
      "iconIdx": 1
    },
    {
      "icon": {
        "paths": [
          "M512 716.8l-256-230.4 256-230.4",
          "M819.2 486.4l-563.2 1.024"
        ],
        "attrs": [
          {
            "fill": "none",
            "strokeLinejoin": "miter",
            "strokeLinecap": "butt",
            "strokeMiterlimit": "4",
            "strokeWidth": 51.2
          },
          {
            "fill": "none",
            "strokeLinejoin": "miter",
            "strokeLinecap": "butt",
            "strokeMiterlimit": "4",
            "strokeWidth": 51.2
          }
        ],
        "isMulticolor": false,
        "isMulticolor2": false,
        "grid": 0,
        "tags": [
          "arrow-left"
        ]
      },
      "attrs": [
        {
          "fill": "none",
          "strokeLinejoin": "miter",
          "strokeLinecap": "butt",
          "strokeMiterlimit": "4",
          "strokeWidth": 51.2
        },
        {
          "fill": "none",
          "strokeLinejoin": "miter",
          "strokeLinecap": "butt",
          "strokeMiterlimit": "4",
          "strokeWidth": 51.2
        }
      ],
      "properties": {
        "order": 4,
        "id": 17,
        "name": "arrow-left",
        "prevSize": 32
      },
      "setIdx": 0,
      "setId": 0,
      "iconIdx": 2
    },
    {
      "icon": {
        "paths": [
          "M512 256l256 230.4-256 230.4",
          "M204.8 486.4h563.2"
        ],
        "attrs": [
          {
            "fill": "none",
            "strokeLinejoin": "miter",
            "strokeLinecap": "butt",
            "strokeMiterlimit": "4",
            "strokeWidth": 51.2
          },
          {
            "fill": "none",
            "strokeLinejoin": "miter",
            "strokeLinecap": "butt",
            "strokeMiterlimit": "4",
            "strokeWidth": 51.2
          }
        ],
        "isMulticolor": false,
        "isMulticolor2": false,
        "grid": 0,
        "tags": [
          "arrow-right"
        ]
      },
      "attrs": [
        {
          "fill": "none",
          "strokeLinejoin": "miter",
          "strokeLinecap": "butt",
          "strokeMiterlimit": "4",
          "strokeWidth": 51.2
        },
        {
          "fill": "none",
          "strokeLinejoin": "miter",
          "strokeLinecap": "butt",
          "strokeMiterlimit": "4",
          "strokeWidth": 51.2
        }
      ],
      "properties": {
        "order": 5,
        "id": 16,
        "name": "arrow-right",
        "prevSize": 32
      },
      "setIdx": 0,
      "setId": 0,
      "iconIdx": 3
    },
    {
      "icon": {
        "paths": [
          "M537.6 204.8l249.344 276.48-37.888 34.816-211.456-235.008-211.456 235.008-37.888-34.816z",
          "M537.6 819.2v-563.2"
        ],
        "attrs": [
          {},
          {
            "fill": "none",
            "stroke": "rgb(0, 0, 0)",
            "strokeLinejoin": "miter",
            "strokeLinecap": "butt",
            "strokeMiterlimit": "4",
            "strokeWidth": 51.2
          }
        ],
        "isMulticolor": false,
        "isMulticolor2": true,
        "grid": 0,
        "tags": [
          "arrow-up"
        ]
      },
      "attrs": [
        {},
        {
          "fill": "none",
          "stroke": "rgb(0, 0, 0)",
          "strokeLinejoin": "miter",
          "strokeLinecap": "butt",
          "strokeMiterlimit": "4",
          "strokeWidth": 51.2
        }
      ],
      "properties": {
        "order": 6,
        "id": 15,
        "name": "arrow-up",
        "prevSize": 32
      },
      "setIdx": 0,
      "setId": 0,
      "iconIdx": 4
    },
    {
      "icon": {
        "paths": [
          "M819.2 358.4l-307.2 307.2-307.2-307.2"
        ],
        "attrs": [
          {
            "fill": "none",
            "strokeLinejoin": "miter",
            "strokeLinecap": "butt",
            "strokeMiterlimit": "4",
            "strokeWidth": 52.736000000000004
          }
        ],
        "isMulticolor": false,
        "isMulticolor2": false,
        "grid": 0,
        "tags": [
          "chevron-down"
        ]
      },
      "attrs": [
        {
          "fill": "none",
          "strokeLinejoin": "miter",
          "strokeLinecap": "butt",
          "strokeMiterlimit": "4",
          "strokeWidth": 52.736000000000004
        }
      ],
      "properties": {
        "order": 7,
        "id": 14,
        "name": "chevron-down",
        "prevSize": 32
      },
      "setIdx": 0,
      "setId": 0,
      "iconIdx": 5
    },
    {
      "icon": {
        "paths": [
          "M665.6 819.2l-307.2-307.2 307.2-307.2"
        ],
        "attrs": [
          {
            "fill": "none",
            "strokeLinejoin": "miter",
            "strokeLinecap": "butt",
            "strokeMiterlimit": "4",
            "strokeWidth": 52.736000000000004
          }
        ],
        "isMulticolor": false,
        "isMulticolor2": false,
        "grid": 0,
        "tags": [
          "chevron-left"
        ]
      },
      "attrs": [
        {
          "fill": "none",
          "strokeLinejoin": "miter",
          "strokeLinecap": "butt",
          "strokeMiterlimit": "4",
          "strokeWidth": 52.736000000000004
        }
      ],
      "properties": {
        "order": 8,
        "id": 13,
        "name": "chevron-left",
        "prevSize": 32
      },
      "setIdx": 0,
      "setId": 0,
      "iconIdx": 6
    },
    {
      "icon": {
        "paths": [
          "M358.4 204.8l307.2 307.2-307.2 307.2"
        ],
        "attrs": [
          {
            "fill": "none",
            "strokeLinejoin": "miter",
            "strokeLinecap": "butt",
            "strokeMiterlimit": "4",
            "strokeWidth": 52.736000000000004
          }
        ],
        "isMulticolor": false,
        "isMulticolor2": false,
        "grid": 0,
        "tags": [
          "chevron-right"
        ]
      },
      "attrs": [
        {
          "fill": "none",
          "strokeLinejoin": "miter",
          "strokeLinecap": "butt",
          "strokeMiterlimit": "4",
          "strokeWidth": 52.736000000000004
        }
      ],
      "properties": {
        "order": 9,
        "id": 12,
        "name": "chevron-right",
        "prevSize": 32
      },
      "setIdx": 0,
      "setId": 0,
      "iconIdx": 7
    },
    {
      "icon": {
        "paths": [
          "M204.8 665.6l307.2-307.2 307.2 307.2"
        ],
        "attrs": [
          {
            "fill": "none",
            "strokeLinejoin": "miter",
            "strokeLinecap": "butt",
            "strokeMiterlimit": "4",
            "strokeWidth": 52.736000000000004
          }
        ],
        "isMulticolor": false,
        "isMulticolor2": false,
        "grid": 0,
        "tags": [
          "chevron-up"
        ]
      },
      "attrs": [
        {
          "fill": "none",
          "strokeLinejoin": "miter",
          "strokeLinecap": "butt",
          "strokeMiterlimit": "4",
          "strokeWidth": 52.736000000000004
        }
      ],
      "properties": {
        "order": 10,
        "id": 11,
        "name": "chevron-up",
        "prevSize": 32
      },
      "setIdx": 0,
      "setId": 0,
      "iconIdx": 8
    },
    {
      "icon": {
        "paths": [
          "M954.88 581.12l-442.88-442.368-442.88 442.368-35.84-35.84 478.72-479.232 478.72 479.232z",
          "M768 204.8h153.6v153.6h-51.2v-102.4h-102.4z",
          "M153.6 563.2h51.2v358.4h153.6v-307.2h256v307.2h204.8v-358.4h51.2v409.6h-307.2v-307.2h-153.6v307.2h-256z"
        ],
        "attrs": [
          {},
          {},
          {}
        ],
        "isMulticolor": false,
        "isMulticolor2": false,
        "grid": 0,
        "tags": [
          "home"
        ]
      },
      "attrs": [
        {},
        {},
        {}
      ],
      "properties": {
        "order": 11,
        "id": 10,
        "name": "home",
        "prevSize": 32
      },
      "setIdx": 0,
      "setId": 0,
      "iconIdx": 9
    },
    {
      "icon": {
        "paths": [
          "M880.64 312.32c0 31.105-25.215 56.32-56.32 56.32s-56.32-25.215-56.32-56.32c0-31.105 25.215-56.32 56.32-56.32s56.32 25.215 56.32 56.32z",
          "M25.6 128h972.8v768h-972.8v-768z",
          "M204.8 665.6l204.8-204.8 256 256",
          "M563.2 614.4l76.8-76.8 179.2 179.2"
        ],
        "attrs": [
          {},
          {
            "fill": "none",
            "stroke": "rgb(0, 0, 0)",
            "strokeLinejoin": "miter",
            "strokeLinecap": "butt",
            "strokeMiterlimit": "4",
            "strokeWidth": 51.2
          },
          {
            "fill": "none",
            "stroke": "rgb(0, 0, 0)",
            "strokeLinejoin": "miter",
            "strokeLinecap": "butt",
            "strokeMiterlimit": "4",
            "strokeWidth": 51.712
          },
          {
            "fill": "none",
            "stroke": "rgb(0, 0, 0)",
            "strokeLinejoin": "miter",
            "strokeLinecap": "butt",
            "strokeMiterlimit": "4",
            "strokeWidth": 51.712
          }
        ],
        "isMulticolor": false,
        "isMulticolor2": true,
        "grid": 0,
        "tags": [
          "image"
        ]
      },
      "attrs": [
        {},
        {
          "fill": "none",
          "stroke": "rgb(0, 0, 0)",
          "strokeLinejoin": "miter",
          "strokeLinecap": "butt",
          "strokeMiterlimit": "4",
          "strokeWidth": 51.2
        },
        {
          "fill": "none",
          "stroke": "rgb(0, 0, 0)",
          "strokeLinejoin": "miter",
          "strokeLinecap": "butt",
          "strokeMiterlimit": "4",
          "strokeWidth": 51.712
        },
        {
          "fill": "none",
          "stroke": "rgb(0, 0, 0)",
          "strokeLinejoin": "miter",
          "strokeLinecap": "butt",
          "strokeMiterlimit": "4",
          "strokeWidth": 51.712
        }
      ],
      "properties": {
        "order": 12,
        "id": 9,
        "name": "image",
        "prevSize": 32
      },
      "setIdx": 0,
      "setId": 0,
      "iconIdx": 10
    },
    {
      "icon": {
        "paths": [
          "M512 25.6c-183.808 0-332.8 147.968-332.8 331.776 0 248.32 332.8 615.424 332.8 615.424s332.8-367.104 332.8-615.424c0-183.808-148.992-331.776-332.8-331.776v0z",
          "M629.76 348.16c0 65.037-52.723 117.76-117.76 117.76s-117.76-52.723-117.76-117.76c0-65.037 52.723-117.76 117.76-117.76s117.76 52.723 117.76 117.76z"
        ],
        "attrs": [
          {
            "fill": "none",
            "strokeLinejoin": "miter",
            "strokeLinecap": "butt",
            "strokeMiterlimit": "4",
            "strokeWidth": 51.712
          },
          {
            "fill": "none",
            "strokeLinejoin": "miter",
            "strokeLinecap": "butt",
            "strokeMiterlimit": "4",
            "strokeWidth": 51.2
          }
        ],
        "isMulticolor": false,
        "isMulticolor2": false,
        "grid": 0,
        "tags": [
          "location"
        ]
      },
      "attrs": [
        {
          "fill": "none",
          "strokeLinejoin": "miter",
          "strokeLinecap": "butt",
          "strokeMiterlimit": "4",
          "strokeWidth": 51.712
        },
        {
          "fill": "none",
          "strokeLinejoin": "miter",
          "strokeLinecap": "butt",
          "strokeMiterlimit": "4",
          "strokeWidth": 51.2
        }
      ],
      "properties": {
        "order": 13,
        "id": 8,
        "name": "location",
        "prevSize": 32
      },
      "setIdx": 0,
      "setId": 0,
      "iconIdx": 11
    },
    {
      "icon": {
        "paths": [
          "M71.68 332.8l440.32 230.4 440.32-230.4",
          "M51.2 204.8v614.4h921.6v-614.4h-921.6zM921.6 768h-819.2v-512h819.2v512z"
        ],
        "attrs": [
          {
            "fill": "none",
            "stroke": "rgb(0, 0, 0)",
            "strokeLinejoin": "miter",
            "strokeLinecap": "butt",
            "strokeMiterlimit": "4",
            "strokeWidth": 51.2
          },
          {}
        ],
        "isMulticolor": false,
        "isMulticolor2": true,
        "grid": 0,
        "tags": [
          "mail"
        ]
      },
      "attrs": [
        {
          "fill": "none",
          "stroke": "rgb(0, 0, 0)",
          "strokeLinejoin": "miter",
          "strokeLinecap": "butt",
          "strokeMiterlimit": "4",
          "strokeWidth": 51.2
        },
        {}
      ],
      "properties": {
        "order": 14,
        "id": 7,
        "name": "mail",
        "prevSize": 32
      },
      "setIdx": 0,
      "setId": 0,
      "iconIdx": 12
    },
    {
      "icon": {
        "paths": [
          "M102.4 204.8h819.2v51.2h-819.2v-51.2z",
          "M102.4 460.8h819.2v51.2h-819.2v-51.2z",
          "M102.4 716.8h819.2v51.2h-819.2v-51.2z"
        ],
        "attrs": [
          {},
          {},
          {}
        ],
        "isMulticolor": false,
        "isMulticolor2": false,
        "grid": 0,
        "tags": [
          "menu"
        ]
      },
      "attrs": [
        {},
        {},
        {}
      ],
      "properties": {
        "order": 15,
        "id": 6,
        "name": "menu",
        "prevSize": 32
      },
      "setIdx": 0,
      "setId": 0,
      "iconIdx": 13
    },
    {
      "icon": {
        "paths": [
          "M793.6 870.4c0 40.96-35.84 76.8-76.8 76.8h-358.4c-40.96 0-76.8-35.84-76.8-76.8v-716.8c0-40.96 35.84-76.8 76.8-76.8h358.4c40.96 0 76.8 35.84 76.8 76.8v716.8z",
          "M578.56 844.8c0 22.622-18.338 40.96-40.96 40.96s-40.96-18.338-40.96-40.96c0-22.622 18.338-40.96 40.96-40.96s40.96 18.338 40.96 40.96z"
        ],
        "attrs": [
          {
            "fill": "none",
            "stroke": "rgb(0, 0, 0)",
            "strokeLinejoin": "miter",
            "strokeLinecap": "butt",
            "strokeMiterlimit": "4",
            "strokeWidth": 51.2
          },
          {}
        ],
        "isMulticolor": false,
        "isMulticolor2": true,
        "grid": 0,
        "tags": [
          "phone"
        ]
      },
      "attrs": [
        {
          "fill": "none",
          "stroke": "rgb(0, 0, 0)",
          "strokeLinejoin": "miter",
          "strokeLinecap": "butt",
          "strokeMiterlimit": "4",
          "strokeWidth": 51.2
        },
        {}
      ],
      "properties": {
        "order": 16,
        "id": 5,
        "name": "phone",
        "prevSize": 32
      },
      "setIdx": 0,
      "setId": 0,
      "iconIdx": 14
    },
    {
      "icon": {
        "paths": [
          "M870.4 281.6c40.96 0 76.8 35.84 76.8 76.8v358.4c0 40.96-35.84 76.8-76.8 76.8h-716.8c-40.96 0-76.8-35.84-76.8-76.8v-358.4c0-40.96 35.84-76.8 76.8-76.8h716.8z",
          "M235.52 537.6c0 22.622-18.338 40.96-40.96 40.96s-40.96-18.338-40.96-40.96c0-22.622 18.338-40.96 40.96-40.96s40.96 18.338 40.96 40.96z"
        ],
        "attrs": [
          {
            "fill": "none",
            "stroke": "rgb(0, 0, 0)",
            "strokeLinejoin": "miter",
            "strokeLinecap": "butt",
            "strokeMiterlimit": "4",
            "strokeWidth": 51.2
          },
          {}
        ],
        "isMulticolor": false,
        "isMulticolor2": true,
        "grid": 0,
        "tags": [
          "phone-landscape"
        ]
      },
      "attrs": [
        {
          "fill": "none",
          "stroke": "rgb(0, 0, 0)",
          "strokeLinejoin": "miter",
          "strokeLinecap": "butt",
          "strokeMiterlimit": "4",
          "strokeWidth": 51.2
        },
        {}
      ],
      "properties": {
        "order": 17,
        "id": 4,
        "name": "phone-landscape",
        "prevSize": 32
      },
      "setIdx": 0,
      "setId": 0,
      "iconIdx": 15
    },
    {
      "icon": {
        "paths": [
          "M256 358.4h512l-256 256z"
        ],
        "attrs": [
          {}
        ],
        "isMulticolor": false,
        "isMulticolor2": false,
        "grid": 0,
        "tags": [
          "triangle-down"
        ]
      },
      "attrs": [
        {}
      ],
      "properties": {
        "order": 18,
        "id": 3,
        "name": "triangle-down",
        "prevSize": 32
      },
      "setIdx": 0,
      "setId": 0,
      "iconIdx": 16
    },
    {
      "icon": {
        "paths": [
          "M614.4 256l-256 256 256 256z"
        ],
        "attrs": [
          {}
        ],
        "isMulticolor": false,
        "isMulticolor2": false,
        "grid": 0,
        "tags": [
          "triangle-left"
        ]
      },
      "attrs": [
        {}
      ],
      "properties": {
        "order": 19,
        "id": 2,
        "name": "triangle-left",
        "prevSize": 32
      },
      "setIdx": 0,
      "setId": 0,
      "iconIdx": 17
    },
    {
      "icon": {
        "paths": [
          "M409.6 256l256 256-256 256z"
        ],
        "attrs": [
          {}
        ],
        "isMulticolor": false,
        "isMulticolor2": false,
        "grid": 0,
        "tags": [
          "triangle-right"
        ]
      },
      "attrs": [
        {}
      ],
      "properties": {
        "order": 20,
        "id": 1,
        "name": "triangle-right",
        "prevSize": 32
      },
      "setIdx": 0,
      "setId": 0,
      "iconIdx": 18
    },
    {
      "icon": {
        "paths": [
          "M256 665.6l256-256 256 256z"
        ],
        "attrs": [
          {}
        ],
        "isMulticolor": false,
        "isMulticolor2": false,
        "grid": 0,
        "tags": [
          "triangle-up"
        ]
      },
      "attrs": [
        {}
      ],
      "properties": {
        "order": 21,
        "id": 0,
        "name": "triangle-up",
        "prevSize": 32
      },
      "setIdx": 0,
      "setId": 0,
      "iconIdx": 19
    }
  ],
  "height": 1024,
  "preferences": {
    "showGlyphs": true,
    "showCodes": true,
    "showQuickUse": true,
    "showQuickUse2": true,
    "showSVGs": true,
    "fontPref": {
      "prefix": "icon-",
      "metadata": {},
      "metrics": {
        "emSize": 1024,
        "baseline": 6.25,
        "whitespace": 50
      }
    },
    "imagePref": {
      "prefix": "icon-",
      "png": false,
      "useClassSelector": true,
      "color": 0,
      "bgColor": 16777215,
      "classSelector": ".icon",
      "height": 32,
      "columns": 16,
      "margin": 16,
      "overrideSize": false
    },
    "historySize": 50
  }
}